<?xml version="1.0" encoding="UTF-8"?>
<!DOCTYPE opencms SYSTEM "http://www.opencms.org/dtd/6.0/opencms-search.dtd">

<opencms>
	<search>
		<directory>index</directory>
		<timeout>60000</timeout>
		<offlineUpdateFrequency>30000</offlineUpdateFrequency>
		<forceunlock>onlyfull</forceunlock>		
		<excerpt>1024</excerpt>
		<extractionCacheMaxAge>672.0</extractionCacheMaxAge>
		<maxModificationsBeforeCommit>200</maxModificationsBeforeCommit>				
		<highlighter>org.opencms.search.documents.CmsTermHighlighterHtml</highlighter>		
		<documenttypes>		
			<documenttype>
				<name>generic</name>
				<class>org.opencms.search.documents.CmsDocumentGeneric</class>
				<mimetypes/>
				<resourcetypes>
					<resourcetype>*</resourcetype>
				</resourcetypes>
			</documenttype>	
			<documenttype>
				<name>html</name>
				<class>org.opencms.search.documents.CmsDocumentHtml</class>
				<mimetypes>
					<mimetype>text/html</mimetype>
				</mimetypes>
				<resourcetypes>
					<resourcetype>plain</resourcetype>
				</resourcetypes>
			</documenttype>
			<documenttype>
				<name>image</name>
				<class>org.opencms.search.documents.CmsDocumentGeneric</class>
				<mimetypes/>
				<resourcetypes>
					<resourcetype>image</resourcetype>
				</resourcetypes>
			</documenttype>		
			<documenttype>
				<name>jsp</name>
				<class>org.opencms.search.documents.CmsDocumentPlainText</class>
				<mimetypes/>
				<resourcetypes>
					<resourcetype>jsp</resourcetype>
				</resourcetypes>
			</documenttype>		
			<documenttype>
				<name>msexcel</name>
				<class>org.opencms.search.documents.CmsDocumentMsExcel</class>
				<mimetypes>
					<mimetype>application/vnd.ms-excel</mimetype>
				</mimetypes>
				<resourcetypes>
					<resourcetype>binary</resourcetype>
					<resourcetype>plain</resourcetype>
				</resourcetypes>
			</documenttype>		
			<documenttype>
				<name>mspowerpoint</name>
				<class>org.opencms.search.documents.CmsDocumentMsPowerPoint</class>
				<mimetypes>
					<mimetype>application/vnd.ms-powerpoint</mimetype>
				</mimetypes>
				<resourcetypes>
					<resourcetype>binary</resourcetype>
					<resourcetype>plain</resourcetype>
				</resourcetypes>
			</documenttype>
			<documenttype>
				<name>msword</name>
				<class>org.opencms.search.documents.CmsDocumentMsWord</class>
				<mimetypes>
					<mimetype>application/msword</mimetype>
				</mimetypes>
				<resourcetypes>
					<resourcetype>binary</resourcetype>
					<resourcetype>plain</resourcetype>
				</resourcetypes>
			</documenttype>	
			<documenttype>
				<name>pdf</name>
				<class>org.opencms.search.documents.CmsDocumentPdf</class>
				<mimetypes>
					<mimetype>application/pdf</mimetype>
				</mimetypes>
				<resourcetypes>
					<resourcetype>binary</resourcetype>
					<resourcetype>plain</resourcetype>
				</resourcetypes>
			</documenttype>
			<documenttype>
				<name>rtf</name>
				<class>org.opencms.search.documents.CmsDocumentRtf</class>
				<mimetypes>
					<mimetype>text/rtf</mimetype>
					<mimetype>application/rtf</mimetype>
				</mimetypes>
				<resourcetypes>
					<resourcetype>binary</resourcetype>
					<resourcetype>plain</resourcetype>
				</resourcetypes>
			</documenttype>		
			<documenttype>
				<name>text</name>
				<class>org.opencms.search.documents.CmsDocumentPlainText</class>
				<mimetypes>
					<mimetype>text/html</mimetype>
					<mimetype>text/plain</mimetype>
				</mimetypes>
				<resourcetypes>
					<resourcetype>plain</resourcetype>
				</resourcetypes>
			</documenttype>	
			<documenttype>
				<name>xmlcontent</name>
				<class>org.opencms.search.documents.CmsDocumentXmlContent</class>
				<mimetypes/>
				<resourcetypes>
					<resourcetype>*</resourcetype>
				</resourcetypes>
			</documenttype>
			<documenttype>
				<name>xmlpage</name>
				<class>org.opencms.search.documents.CmsDocumentXmlPage</class>
				<mimetypes>
					<mimetype>text/html</mimetype>
				</mimetypes>
				<resourcetypes>
					<resourcetype>xmlpage</resourcetype>
				</resourcetypes>
			</documenttype>	
			<documenttype>
				<name>openoffice</name>
				<class>org.opencms.search.documents.CmsDocumentOpenOffice</class>
				<mimetypes>
					<mimetype>application/vnd.oasis.opendocument.text</mimetype>
					<mimetype>application/vnd.oasis.opendocument.spreadsheet</mimetype>
				</mimetypes>
				<resourcetypes>
					<resourcetype>binary</resourcetype>
					<resourcetype>plain</resourcetype>
				</resourcetypes>
			</documenttype>
		</documenttypes>
		<analyzers>
			<analyzer>
				<class>org.apache.lucene.analysis.de.GermanAnalyzer</class>
				<locale>de</locale>
			</analyzer>
			<analyzer>
				<class>org.apache.lucene.analysis.standard.StandardAnalyzer</class>
				<locale>en</locale>
			</analyzer>
			<analyzer>
                <class>org.apache.lucene.analysis.fr.FrenchAnalyzer</class>
                <locale>fr</locale>
			</analyzer>
			<analyzer>
				<class>org.apache.lucene.analysis.snowball.SnowballAnalyzer</class>
				<stemmer>Italian</stemmer>
				<locale>it</locale>
			</analyzer>
		</analyzers>
		<indexes>
			<index>
				<name>Online project EN (VFS)</name>
				<rebuild>auto</rebuild>
				<project>Online</project>
				<locale>en</locale>			
				<sources>
					<source>source1</source>
				</sources>		
			</index>
			<index>
				<name>Online project DE (VFS)</name>
				<rebuild>auto</rebuild>
				<project>Online</project>
				<locale>de</locale>			
				<sources>
					<source>source1</source>
				</sources>		
			</index>
			<index>
				<name>Offline project EN (VFS)</name>
				<rebuild>offline</rebuild>
				<project>Offline</project>
				<locale>en</locale>			
				<sources>
					<source>source1</source>
				</sources>		
			</index>
			<index>
				<name>German online help</name>
				<rebuild>auto</rebuild>
				<project>Online</project>
				<locale>de</locale>			
				<sources>
					<source>source2</source>
				</sources>		
			</index>	
		</indexes>
		<indexsources>				
			<indexsource>
				<name>source1</name>
				<indexer class="org.opencms.search.CmsVfsIndexer" />
				<resources>
					<resource>/sites/</resource>
				</resources>
				<documenttypes-indexed>
	                <name>xmlpage</name>
					<name>xmlcontent</name>
	                <name>text</name>
	                <name>pdf</name>
	                <name>rtf</name>
	                <name>html</name>
	                <name>msword</name>
	                <name>msexcel</name>
	                <name>mspowerpoint</name>
	                <name>image</name>
	                <name>generic</name>			
				</documenttypes-indexed>				
			</indexsource>
			<indexsource>
				<name>source2</name>
				<indexer class="org.opencms.search.CmsVfsIndexer" />
				<resources>
					<resource>/system/workplace/locales/</resource>
				</resources>		
				<documenttypes-indexed>
	                <name>xmlpage</name>
				</documenttypes-indexed>
			</indexsource>	
		</indexsources>		
		<fieldconfigurations>		
			<fieldconfiguration>
				<name>standard</name>
				<description>The standard OpenCms 7.0 search index field configuration.</description>
				<fields>
					<field name="content" display="%(key.field.content)" store="compress" index="true" excerpt="true">
						<mapping type="content" />
					</field>	
					<field name="title-key" display="-" store="true" index="untokenized" boost="0.0">
						<mapping type="property">Title</mapping>
					</field>	
					<field name="title" display="%(key.field.title)" store="false" index="true">
						<mapping type="property">Title</mapping>
					</field>	
					<field name="keywords" display="%(key.field.keywords)" store="true" index="true">
						<mapping type="property">Keywords</mapping>
					</field>	
					<field name="description" display="%(key.field.description)" store="true" index="true">
						<mapping type="property">Description</mapping>
					</field>					
					<field name="meta" display="%(key.field.meta)" store="false" index="true">
						<mapping type="property">Title</mapping>
						<mapping type="property">Keywords</mapping>
						<mapping type="property">Description</mapping>
					</field>			
				</fields>
			</fieldconfiguration>			
		</fieldconfigurations>				
	</search>
</opencms>